{"cameraMode":{"drawMode":0,"name":"Shaded","section":"Shading Mode"},"sceneLighting":true,"audioPlay":false,"sceneViewState":{"showFog":true,"showMaterialUpdate":false,"showSkybox":true,"showFlares":true,"showImageEffects":true,"showParticleSystems":true},"in2DMode":false,"pivot":{"x":494.57318115234377,"y":-947.001220703125,"z":572.626708984375},"rotation":{"x":-0.4998437762260437,"y":0.5001316666603088,"z":-0.4965551793575287,"w":-0.503445029258728},"size":514.8356323242188,"orthographic":true}