{"cameraMode":{"drawMode":0,"name":"Shaded","section":"Shading Mode"},"sceneLighting":true,"audioPlay":false,"sceneViewState":{"showFog":true,"showMaterialUpdate":false,"showSkybox":true,"showFlares":true,"showImageEffects":true,"showParticleSystems":true},"in2DMode":false,"pivot":{"x":102.22808837890625,"y":-185.68646240234376,"z":568.012451171875},"rotation":{"x":-0.17132115364074708,"y":0.3358570337295532,"z":-0.06226480007171631,"w":-0.9241070747375488},"size":474.1441955566406,"orthographic":false}